title,average_positive_score,average_negative_score,num_reviews,normalized_positive_score,normalized_negative_score,weighted_rating
Dinner With the President: A Nation's Journey,0.0013449588175797548,0.9986550333333334,12,0.016139505810957057,11.983860400000001,0.8108478919403085
Fangs,0.00011290101,0.9998870799999999,8,0.00090320808,7.999096639999999,0.7490668759204112
Elephant Tales,0.00209309,0.9979069,8,0.01674472,7.9832552,0.7477467559204113
Arisaka,0.0054896825,0.994510325,8,0.04391746,7.9560826,0.745482372587078
The Phantom Planet,0.009693876,0.9903061,8,0.077551008,7.9224488,0.7426795559204112
12 in a Box,0.0027577323666718636,0.997242275,6,0.01654639420003118,5.9834536499999995,0.6973159521044934
Audrie & Daisy,0.19786998615151458,0.8021300082483125,16,3.165919778424233,12.834080131973,0.6911893001508967
A Tree of Life: The Pittsburgh Synagogue Shooting,0.11292619966620647,0.8870738077777778,9,1.0163357969958582,7.98366427,0.6902592416188412
Tears of Gaza,0.16376300691241577,0.8362369925015368,12,1.9651560829489894,10.034843910018441,0.689034361316461
Moscow Zero,0.104067325,0.8959326750000001,8,0.8325386,7.1674614000000005,0.6797639392537446
Of Fish and Foe,0.033334223234599995,0.966665785,6,0.20000533940759996,5.79999471,0.6789700581044935
37,0.14184378212111112,0.8581562066666666,9,1.2765940390900001,7.72340586,0.6702393639265335
Gut Renovation,0.16484189805452998,0.8351581099999998,10,1.6484189805452998,8.351581099999999,0.6672347836460667
Bloody Birthday,0.09363473908762857,0.90636527,7,0.6554431736134,6.34455689,0.666751160094994
Cries From Syria,0.21534804672930713,0.7846519376643053,14,3.0148726542102997,10.985127127300274,0.6652684999080672
American Relapse,0.12794068441218653,0.8720593075,8,1.0235254752974923,6.97647446,0.6638483609204112
The Bad News Bears Go to Japan,0.18922766272759253,0.8107723525272728,11,2.081504290003518,8.9184958778,0.660546783256329
May Fools,0.20340451,0.7965955,12,2.44085412,9.559146,0.6593032419403084
Private Violence,0.20566249248015456,0.7943375,12,2.4679499097618547,9.53205,0.6576097419403084
Radioland Murders,0.10811229714285715,0.891887707142857,7,0.75678608,6.2432139499999995,0.6575381655495395
