title,weighted_rating,count
Hereditary,0.6780305259770788,2733
Parasite,0.8249350949880088,2578
Interstellar,0.8908086671364952,2557
Alien,0.6975723684965943,2489
Prisoners,0.767525501942541,2478
The Thing,0.7630181198881044,2468
Midsommar,0.7541838031426191,2446
Arrival,0.9118389179745263,2375
Fight Club,0.8164319618950472,2338
Oldboy,0.7116424157332019,2337
Blade Runner,0.8754436604639834,2317
Annihilation,0.8666093667062345,2171
Memento,0.9025885058489265,2159
Coherence,0.87360635082852,2011
Inception,0.8757855017496431,1954
Shutter Island,0.7929461849733066,1928
Saw,0.6838891596339659,1899
Nightcrawler,0.8404953801980292,1890
The Lighthouse,0.855771061031476,1829
Big,0.848270948406749,1753
